societe_gestion,nb_fonds,perf_1y_moy,perf_3y_moy,ter_moyen,aum_total,rating_moyen
BlackRock,139,12.639202898550725,,0.24553956834532376,866479.0,
DWS Investment,51,14.774313725490197,,0.1903921568627451,208458.0,
Amundi Asset Management,60,13.482542372881356,,0.1665,201138.0,
PIMCO,2,0.275,,0.27,3249.0,
Fidelity,1,25.39,,0.3,2838.0,
