categorie,nb_fonds,perf_1y_moy,perf_3y_moy,ter_moyen,aum_total
ETF,440,15.66507042253521,,0.24811363636363637,1844887.0
Fonds,9,-1.4294186979481942,,,0.0
